{
    "total_sequences": 4146,
    "anomalous_sequences": 3952,
    "precision": 1.0,
    "recall": 0.9799156955120258,
    "f1_score": 0.9898559799624296,
    "false_positive_rate": 0.0,
    "false_negative_rate": 0.020084304487974214,
    "accuracy": 0.9804630969609262
}